Title,Language,Rating,IMDb
#ABTalks,English,TV-PG,
#NoFilter,Portuguese,TV-MA,
#blackAF,English,TV-MA,6.8/10
(Un)Well,English,TV-MA,6.4/10
100 Days to Indy,English,TV-14,
100 Humans,English,TV-14,5.6/10
13 Reasons Why,English,TV-MA,7.8/10
13 Reasons Why: Beyond the Reasons,English,TV-MA,7.8/10
1670,Polish,TV-MA,
1899,English,TV-MA,
1983,Polish,TV-MA,6.8/10
1994,Spanish,TV-MA,8.8/10
2020,Arabic,TV-14,
28 Days Haunted,English,TV-14,
3 Body Problem,English,TV-MA,
3%,Portuguese,TV-MA,7.4/10
30 for 30: Celtics/Lakers: The Best of Enemies,English,TV-PG,
30 for 30: Lance,English,TV-MA,
30 for 30: The Life and Trials of Oscar Pistorius,English,TV-G,
3Below: Tales of Arcadia,English,TV-Y7,7.8/10
42 Days of Darkness,Spanish,TV-MA,
44 Cats,English,TV-Y7,
45 rpm,Spanish,TV-MA,7.3/10
50M2,Turkish,TV-MA,
60 Days In,English,TV-14,
6ixtynin9 The Series,Thai,TV-MA,
7 Days Out,English,TV-PG,6.8/10
72 Dangerous Animals: Asia,English,TV-14,6.6/10
72 Dangerous Animals: Latin America,English,TV-14,6.8/10
7SEEDS,English,TV-MA,6.3/10
800 Meters,Spanish,TV-MA,
900 Days Without Anabel,Spanish,TV-14,
A Body that Works,Hebrew,TV-MA,
A Boy Name Flora A,Korean,TV-MA,7.8/10
A Discovery of Witches,English,TV-MA,
A Girl and an Astronaut,Polish,TV-MA,
A Good Girl's Guide to Murder,English,TV-MA,
A House of Blocks,Mandarin,TV-PG,
A Kidnapping Scandal: The Florence Cassez Affair,Spanish,TV-MA,
A Killer Paradox,Korean,TV-MA,
A Life : A Love,Japanese,TV-PG,
A Lion in the House,English,TV-14,
A Little Help with Carol Burnett,English,TV-G,6.1/10
A Love So Beautiful,Korean,TV-PG,
A Man in Full,English,TV-MA,
A Man on the Inside,English,TV-14,
A Model Family,Korean,TV-MA,
A Nation of Banchan,Korean,TV-PG,
A Nation of Broth,Korean,TV-PG,
A Nearly Normal Family,Swedish,TV-MA,
A Perfect Crime,German,TV-14,
A Perfect Day For Arsenide,Cantonese,TV-MA,
A Perfect Story,Spanish,TV-MA,
A Queen Is Born,Portuguese,TV-14,
A Round of Applause,Turkish,TV-MA,
A Series of Unfortunate Events,English,TV-PG,7.8/10
A Sinister Sect: Colonia Dignidad,Spanish,TV-MA,
A Storm for Christmas,Norwegian,TV-MA,
A Taiwanese Tale of Two Cities,Mandarin,TV-MA,6.3/10
A Tale Dark & Grimm,English,TV-Y7,
A Thousand Goodnights,Mandarin,TV-14,7.5/10
A Time Called You,Korean,TV-14,
A Virtuous Business,Korean,TV-MA,
A Wednesday,Hindi,TV-MA,8.1/10
A-List to Playlist,Korean,TV-14,
A.I.C.O.,Japanese,TV-14,6.4/10
A.P. Bio,English,TV-14,
AARO -All-domain Anomaly Resolution Office-,Japanese,TV-14,
ABC Playlist,English,TV-Y,
AJ and the Queen,English,TV-14,7.6/10
AJIN: Demi-Human,Japanese,TV-MA,6.4/10
ALVINNN!!! And the Chipmunks,English,TV-Y7,
AMERICA'S SWEETHEARTS: Dallas Cowboys Cheerleaders,English,TV-14,
ARA San Juan: The Submarine that Disappeared,Spanish,TV-14,
ARASHI's Diary -Voyage-,Japanese,TV-PG,
Abby Hatcher,English,TV-Y,7.3/10
Abla Fahita: Drama Queen,Arabic,TV-14,
About Antoine,French,TV-MA,
Absolute Beginners,Polish,TV-MA,
Abstract: The Art of Design,English,TV-14,8.4/10
Absurd Planet,English,TV-PG,
Abyss,Korean,TV-14,7.1/10
Accidentally in Love,Mandarin,TV-14,6.2/10
Act Your Age,English,TV-14,
Action Pack,English,TV-Y,
"Ada Twist, Scientist",English,TV-PG,
Adam Ruins Everything,English,TV-14,8.0/10
Adoration,Italian,TV-MA,
Adventure Beast,English,TV-14,
Afflicted,English,TV-MA,4.9/10
African Queens: Njinga,English,TV-14,
Afrobeats: The Backstory,English,TV-MA,
Afronta! Facing It!,Brazilian Portuguese,TV-PG,
After Life,English,TV-MA,8.5/10
After School Doctor,Japanese,TV-PG,
Aftershock: Everest and the Nepal Earthquake,English,TV-MA,
Against the Ropes,Spanish,TV-MA,
Age of Samurai: Battle for Japan,English,TV-MA,
Agency,Korean,TV-14,
Agent Elvis,English,TV-MA,
Aggretsuko,English,TV-14,8.0/10
Ainori Love Wagon: African Journey,Japanese,TV-14,7.5/10
Ainori Love Wagon: Asian Journey,Japanese,TV-MA,6.9/10
Akulah Balqis,Malayalam,TV-14,
Akuma Kun,Japanese,TV-MA,
Al Hayba,Arabic,TV-14,7.5/10
AlRawabi School for Girls,Arabic,TV-14,
Alba,Spanish,TV-MA,
Alchemy of Souls,Korean,TV-14,
Alessandro Cattelan: One Simple Question,Italian,TV-MA,
Alexa & Katie,English,TV-G,7.3/10
Alexander: The Making of a God,English,TV-14,
Alias Grace,English,TV-MA,7.8/10
Alice in Borderland,Japanese,TV-MA,
Alien TV,English,TV-Y7,
Alien Worlds,English,TV-PG,
All About Love,Mandarin,TV-MA,5.3/10
All About the Washingtons,English,TV-PG,4.2/10
All American,English,TV-14,7.6/10
All American: Homecoming,English,TV-14,
All For Love (Amar y Vivir),Spanish,TV-MA,6.8/10
All Hail King Julien,English,TV-Y7,7.2/10
All Hail King Julien: Exiled,English,TV-Y7,7.6/10
All of Us Are Dead,Korean,TV-MA,
Alma Matters,Hindi,TV-MA,
Almost Happy,Spanish,TV-MA,
Alpha Males,Spanish,TV-MA,
Altered Carbon,English,TV-MA,8.1/10
Always a Witch,Spanish,TV-14,6.3/10
Amazing Interiors,English,TV-PG,6.7/10
Amend: The Fight for America,English,TV-MA,
American Conspiracy: The Octopus Murders,English,TV-MA,
American Manhunt: The Boston Marathon Bombing,English,TV-MA,
American Murder: Laci Peterson,English,TV-14,
American Nightmare,English,TV-MA,
American Ninja Warrior,English,TV-PG,
American Vandal,English,TV-MA,8.2/10
Amidst a Snowstorm of Love,Mandarin,TV-G,
Amo,Filipino,TV-MA,6.4/10
An Astrological Guide for Broken Hearts,Italian,TV-MA,
An Encouragement of Love,Japanese,TV-PG,
An Incurable Case of Love,Japanese,TV-14,
Analog Squad,Thai,TV-MA,
Anatomy of a Scandal,English,TV-MA,
Ancient Aliens,English,TV-PG,7.3/10
Ancient Apocalypse,English,TV-MA,
Angry Birds: Summer Madness,English,TV-Y7,
Animal,English,TV-PG,
Animal Playlist,English,TV-Y,
Anitta: Made In Honório,Portuguese,TV-MA,
Anne Rice's Mayfair Witches,English,TV-MA,
Anne with an E,English,TV-PG,8.6/10
Another Life,English,TV-MA,4.9/10
Another Miss Oh,Korean,TV-MA,7.9/10
Another Self,Turkish,TV-MA,
Answer for Heaven,Thai,TV-MA,N/A/10
Antarctica,Japanese,TV-14,
Anthracite,French,TV-MA,
Antihero,Japanese,TV-14,
Anxious People,Swedish,TV-MA,
Aníkúlápó: Rise of the Spectre,Yoruba,TV-MA,
Apache: The Life of Carlos Tevez,Spanish,TV-MA,6.7/10
Aquarius,English,TV-MA,7.1/10
Aranyak,Hindi,TV-MA,
Arcane,English,,
Archer,English,TV-MA,
Archibald's Next Big Thing,English,TV-Y7,7.7/10
Archive 81,English,TV-MA,
Are You Afraid of the Dark?,English,TV-PG,
Ares,Dutch,TV-MA,5.6/10
Ari Shaffir: Double Negative,English,TV-MA,6.8/10
Ariyoshi Assists,Japanese,TV-14,
Arnold,English,TV-MA,
Arpo,English,TV-Y7,
Arrested Development,English,TV-MA,8.7/10
Arrow,English,TV-14,7.6/10
Art&Tech,English,TV-G,
Arthdal Chronicles,Korean,TV-MA,8.3/10
As the Crow Flies,Turkish,TV-MA,
Asaf,Turkish,TV-MA,
Ashley Garcia: Genius in Love,English,TV-PG,
"Ashley Madison: Sex, Lies & Scandal",English,TV-MA,
Ask the Doctor,English,TV-PG,6.6/10
Ask the StoryBots,English,TV-Y,8.1/10
Astronomy Club: The Sketch Show,English,TV-MA,6.9/10
At Home With The Furys,English,TV-MA,
At the Moment,Chinese,TV-MA,
Atelier,Japanese,TV-PG,7.4/10
Attack on Pearl Harbor: Minute by Minute,English,TV-14,
Atypical,English,TV-14,8.3/10
Aunty Donna's Big Ol' House of Fun,English,TV-MA,
Avatar: The Last Airbender,English,TV-Y7-FV,9.2/10
Average Joe,English,TV-MA,
Awake: The Million Dollar Game,English,TV-PG,5.9/10
Awaken,Korean,TV-14,
Away,English,TV-14,
Azcárate: No Holds Barred,Spanish,TV-14,
Aziz Ansari Live at Madison Square Garden,English,TV-MA,6.6/10
Aziz Ansari: Buried Alive,English,TV-MA,7.3/10
B: The Beginning,Japanese,TV-MA,7.2/10
BAKI,Japanese,TV-MA,6.7/10
"BASTARD‼ -Heavy Metal, Dark Fantasy-",Japanese,TV-MA,
BEASTARS,Japanese,TV-MA,8.0/10
BEEF,English,TV-MA,
BEYBLADE X,Japanese,TV-Y7,
BLOCKBUSTER,English,TV-14,
BNA,Japanese,TV-14,7.2/10
BONDING,English,TV-MA,7.2/10
BORDERLESS Ae! group's Debut Tour,Japanese,TV-G,
BREAK IT ALL: The History of Rock in Latin America,Spanish,TV-MA,
Babies,English,TV-PG,7.0/10
Baby,Italian,TV-MA,6.8/10
Baby Bandito,Spanish,TV-MA,
Baby Fever,Danish,TV-MA,
Baby Gorilla Cam,English,TV-PG,
Baby Reindeer,English,TV-MA,
Back Street Girls -GOKUDOLS-,Japanese,TV-MA,6.6/10
Back to 15,Portuguese,TV-14,
Back to 1989,Mandarin,TV-PG,8.2/10
Backstreet Rookie,Korean,TV-14,
Bad And Crazy,Korean,TV-MA,
Bad Boy Billionaires: India,English,TV-PG,
Bad Dinosaurs,English,TV-PG,
Bad Exorcist,Polish,TV-MA,
Bad Guys,Korean,TV-MA,
Bad Sport,English,TV-MA,
Bad Surgeon: Love Under the Knife,English,TV-MA,
Bad Vegan: Fame. Fraud. Fugitives.,English,TV-MA,
Badanamu ABC TV,English,TV-Y,
Badanamu Pop,English,TV-Y,
Badanamu Stories,English,TV-Y,
Bake Squad,English,TV-PG,
Baki Hanma,Japanese,TV-MA,
Baking Impossible,English,TV-PG,
Bakugan,English,TV-Y7,
Ballers,English,TV-MA,
Band of Brothers,English,TV-MA,
Bandidos,Spanish,TV-MA,
Bangkok Breaking,Thai,TV-MA,
Bank Under Siege,Spanish,TV-MA,
Barbarians,German,TV-MA,
Barbie Dreamhouse Adventures,English,TV-Y,6.7/10
Barbie Dreamhouse Adventures: Go Team Roberts,English,TV-Y,
Barbie Life in the Dreamhouse,English,TV-Y,7.3/10
Barbie Mysteries,English,TV-Y7,
Barbie: A Touch of Magic,English,TV-Y7,
Barbie: It Takes Two,English,TV-Y,
Bard of Blood,Hindi,TV-MA,7.0/10
Barracuda Queens,Swedish,TV-MA,
Bashar Shorts,Arabic,TV-14,
Basketball or Nothing,English,TV-PG,7.4/10
Battlefish,English,TV-MA,7.3/10
Batwheels,English,TV-Y7,
Be Melodramatic,Korean,TV-14,
Beach Boys,Japanese,TV-14,
Beast of Bangalore: Indian Predator,Kannada,TV-MA,
Beat Bugs,English,TV-Y,7.6/10
Beauty Inside,Korean,TV-14,
Beauty in Black,English,TV-MA,
Bebefinn Dance Time,Korean,TV-Y,
Bebefinn Play Time,English,TV-Y,
Because This Is My First Life,Korean,TV-PG,8.3/10
Beckham,English,TV-MA,
Becoming Abi,English,TV-14,
Becoming Champions,English,TV-G,6.8/10
Bedtime Playlist,English,TV-Y,
Bee and PuppyCat,English,TV-PG,
Behind Every Star,Korean,TV-14,
Behind Her Eyes,English,TV-MA,
Behind Your Touch,Korean,TV-MA,
"Belascoarán, PI",Spanish,TV-MA,
Bella and the Bulldogs,English,TV-G,5.2/10
Ben & Holly's Little Kingdom,English,TV-Y,7.3/10
Ben 10,English,TV-G,7.2/10
Benji's Very Own Christmas Story,English,TV-Y,5.2/10
Berlin,Spanish,TV-MA,
Best Leftovers Ever!,English,TV-G,
Best of The Great Indian Kapil Show,Hindi,TV-MA,
Best.Worst.Weekend.Ever.,English,TV-PG,6.3/10
Betaal,Hindi,TV-MA,0
Better Call Saul,English,TV-MA,8.7/10
Better Than Us,Russian,TV-MA,7.4/10
Between,English,TV-14,6.0/10
Between Lands,Spanish,TV-MA,
Beyblade Burst QuadDrive,English,TV-Y,
Beyblade Burst Rise,English,TV-Y7,
Beyblade Burst Turbo,English,TV-Y7,
Beyond Goodbye,Japanese,TV-14,
Beyond Stranger Things,English,TV-14,7.5/10
Bhaag Beanie Bhaag,Hindi,TV-MA,
Bhool Bhulaiyaa,Hindi,TV-PG,7.3/10
Big Mouth,English,TV-MA,8.0/10
Big Timber,English,TV-14,
Big Tree City,English,TV-Y,
Big Vape: The Rise and Fall of Juul,English,TV-MA,
Bill Burr: I'm Sorry You Feel That Way,English,TV-MA,8.4/10
Bill Nye Saves the World,English,TV-14,3.6/10
Billionaire Island,Norwegian,TV-MA,
Biohackers,German,TV-MA,
Birthday Playlist,English,TV-Y,
Bitter Daisies,Galician,TV-MA,7.2/10
Black & White,Mandarin,TV-14,
Black Beauty Effect,English,TV-14,
Black Butler,Japanese,TV-MA,7.8/10
Black Butterflies,French,TV-MA,
Black Clover,Portuguese,TV-PG,
Black Doves,English,TV-MA,
Black Earth Rising,English,TV-MA,7.3/10
Black Forceps,Japanese,TV-MA,
Black Knight,Korean,TV-MA,
Black Lightning,English,TV-14,6.1/10
Black Mirror,English,TV-MA,8.8/10
Black Money Love,Turkish,TV-MA,7.2/10
Black Sails,English,TV-MA,
Black Space,Hebrew,TV-MA,
Black Summer,English,TV-MA,6.4/10
Blazing Transfer Students,Japanese,TV-MA,7.3/10
Bling Empire,English,TV-MA,
Bling Empire: New York,English,TV-MA,
Blippi,English,TV-Y,
Blippi & Meekah's Game Show!,English,TV-Y,
Blippi Wonders,English,TV-Y,
Blippi's Ultimate Bounce House Challenges,English,TV-Y,
Blood & Water,English,TV-MA,0
Blood Coast,French,TV-MA,
Blood Legacy,English,TV-MA,
Blood Pact,Portuguese,TV-MA,7.0/10
Blood Sisters,English,TV-MA,
Blood Ties,Spanish,TV-MA,
Blood of Zeus,English,TV-MA,
"Blood, Sex & Royalty",English,TV-MA,
"Blood, Sweat & Heels",English,TV-14,
Bloodhounds,Korean,TV-MA,
Bloodline,English,TV-MA,8.0/10
Bloodride,Norwegian,TV-MA,6.4/10
Blown Away,English,TV-PG,6.8/10
Blown Away: Christmas,English,TV-PG,
Blue Box,Japanese,TV-PG,
Blue Mountain State,,NR,7.1/10
Blue Period,Japanese,TV-14,
Blue Ribbon Baking Championship,English,TV-PG,
Bo Burnham: Make Happy,English,TV-MA,8.4/10
Bo on the Go!,English,TV-Y,5.2/10
BoJack Horseman,English,TV-MA,8.7/10
Bobby Kennedy for President,English,TV-MA,8.2/10
Boca Juniors Confidential,Spanish,TV-PG,6.5/10
Bodkin,English,TV-MA,
Bodyguard,English,TV-MA,8.1/10
Boiling Point,English,TV-MA,
Bolívar,Spanish,TV-MA,7.5/10
Bombay Begums,Hindi,TV-MA,
Bonus Family,Swedish,TV-MA,7.7/10
"Boo, Bitch",English,TV-14,
Booba,English,TV-Y7,7.1/10
Bookmarks,English,TV-G,
Borderless Ae! group's Debut Journey,Japanese,TV-G,
Borgen,Danish,TV-14,
Borgen - Power & Glory,Danish,TV-14,
Born for the Spotlight,Chinese,TV-MA,
Boss & Me,Chinese,TV-PG,
Botched,English,TV-14,
Bottersnikes & Gumbles,English,TV-Y7,5.1/10
Boy Swallows Universe,English,TV-MA,
Brainchild,English,TV-G,7.9/10
Brand New Cherry Flavor,English,TV-MA,
Bread Barbershop,English,TV-Y,
Break Point,English,TV-MA,
"Breakfast, Lunch & Dinner",English,TV-MA,6.7/10
Breaking Bad,English,TV-MA,9.5/10
Breathless,Spanish,TV-MA,
Brews Brothers,English,TV-MA,4.8/10
Bridgerton,English,TV-MA,
Brigands: The Quest for Gold,Italian,TV-MA,
Bright: The Music Videos,English,TV-MA,
Broadchurch,English,TV-MA,8.4/10
Broken,English,TV-14,6.8/10
Brooklyn Nine-Nine,English,TV-14,
Brotherhood,Portuguese,TV-MA,7.6/10
Brown and Friends,English,TV-Y,
Buddi,English,TV-Y,8.1/10
Buddy Thunderstruck,English,TV-Y7,7.6/10
Bulgasal: Immortal Souls,Korean,TV-MA,
Bullsh*t The Gameshow,English,TV-14,
Bumping Mics with Jeff Ross & Dave Attell,English,TV-MA,7.7/10
Bunk'd,English,TV-G,5.4/10
Bureau of Magical Things,English,TV-G,
Buried by the Bernards,English,TV-14,
Burn the House Down,Japanese,TV-14,
Burning Body,Spanish,TV-MA,
Burnt,,TV-14,6.4/10
Business Proposal,Korean,TV-14,
Busted!,English,TV-14,7.5/10
Buy My House,English,TV-G,
Buying Beverly Hills,English,TV-MA,
Buying London,English,TV-14,
Byron Baes,English,TV-MA,
CAROLE & TUESDAY,Japanese,TV-MA,7.9/10
CAT,Punjabi,TV-MA,
COMEDIANS of the world,English,TV-MA,6.5/10
Cable Girls,Spanish,TV-14,7.7/10
Café Minamdang,Korean,TV-MA,
Cagaster of an Insect Cage,Japanese,TV-MA,6.1/10
Caliphate,Swedish,TV-MA,8.2/10
Call My Agent Bollywood,Hindi,TV-MA,
Call My Agent!,French,TV-MA,8.3/10
Call the Midwife,English,TV-MA,8.4/10
Camarón Revolution,Spanish,TV-14,7.3/10
Can I Tell You A Secret?,English,TV-MA,
Can You Hear Me? (M'entends-tu?),French,TV-MA,8.0/10
Candy Online,Mandarin,TV-MA,5.4/10
Canine Intervention,English,TV-PG,
Cannon Busters,English,TV-MA,6.8/10
Capitani,Luxembourgish,TV-MA,
Captain Fall,English,TV-MA,
Captains,English,TV-MA,
Captains of the World,English,TV-MA,
Captivating the King,Korean,TV-PG,
Captive,English,TV-MA,7.0/10
Car Masters: Rust to Riches,English,TV-PG,8.9/10
Care Bears & Cousins,English,TV-Y,6.7/10
Carmel: Who Killed Maria Marta?,Spanish,TV-14,
Carmen Sandiego,English,TV-PG,7.9/10
Case Closed: The Culprit Hanzawa,Japanese,TV-14,
Case Closed: Zero's Tea Time,Japanese,TV-PG,
Castaway Diva,Korean,TV-MA,
Castle and Castle,English,TV-MA,8.8/10
Castlevania,English,TV-MA,8.2/10
Castlevania: Nocturne,English,TV-MA,
Cat People,English,TV-14,
Catch! Teenping,Korean,TV-Y,
Catching Killers,English,TV-MA,
Caught in the Web: The Murders Behind Zona Divas,Spanish,TV-MA,
Celebrity,Korean,TV-MA,
Centaurworld,English,TV-Y7,
Chad and JT Go Deep,English,TV-MA,
Challenger,English,TV-14,
Chambers,English,TV-MA,6.5/10
Change Days,Korean,TV-PG,
Chappelle's Show,English,TV-MA,
Charlie's Colorforms City,English,TV-Y,8.0/10
Charmed,English,TV-14,4.5/10
Chasing Cameron,English,TV-14,3.6/10
Chastity High,Japanese,TV-MA,
Cheat,English,TV-14,
Check The Store Next Door: The Next Chapter,Indonesian,TV-14,
Cheer,English,TV-MA,8.2/10
Chef's Table,English,TV-MA,8.6/10
Chef's Table: BBQ,English,TV-14,
Chef's Table: France,French,TV-14,8.3/10
Chef's Table: Pizza,English,TV-MA,
Chelsea,English,TV-MA,6.1/10
Chelsea Does,English,TV-MA,7.2/10
Chelsea Handler: Uganda Be Kidding Me Live,English,TV-MA,5.8/10
Cheuk Wan-Chi: Two Night Stand,Cantonese,TV-MA,
Chhota Bheem,Hindi,TV-Y,4.5/10
Chhota Bheem Magic Block Buster,Hindi,TV-Y7,
Chhota Bheem aur Gadadhari Bheem,Hindi,TV-G,
Chi's Sweet Adventure,Japanese,TV-PG,
Chicago Party Aunt,English,TV-MA,
Chicken Nugget,Korean,TV-MA,
Chico Bon Bon: Monkey with a Tool Belt,English,TV-Y,8.7/10
Chief of Staff,Korean,TV-14,7.7/10
Children of the Church Steps,Portuguese,TV-MA,
Children of the Whales,Japanese,TV-14,7.1/10
Chilling Adventures of Sabrina,English,TV-14,7.6/10
Chimp Empire,English,TV-PG,
Chip and Potato,English,TV-Y,6.8/10
Chocolate,Korean,TV-14,7.7/10
Choona,Hindi,TV-MA,
Chosen,Mandarin,TV-14,5.5/10
Chota Bheem Zuhu Ka Zalzala,Hindi,TV-Y7,
Christiane Amanpour: Sex & Love Around the World,English,TV-MA,7.4/10
Christmas Flow,French,TV-MA,
Chromosome 21,Spanish,TV-MA,
Churchill at War,English,TV-14,
Churchill’s Secret Agents: The New Recruits,English,TV-MA,7.6/10
Cinderella and the Four Knights,Korean,TV-PG,
Cindy la Regia: The High School Years,Spanish,TV-MA,
City of Ghosts,English,TV-PG,
Clark,Swedish,TV-MA,
Class,Hindi,TV-MA,
Class Act,French,TV-MA,
Clean With Passion For Now,Korean,TV-MA,
Clickbait,English,TV-MA,
Close Your Eyes Before It’s Dark,Mandarin,TV-14,7.2/10
Close to Home: Murder in the Coalfield,German,TV-MA,
Club América vs. Club América,Spanish,TV-MA,
Club de Cuervos,Spanish,TV-MA,8.2/10
Club de Cuervos Presents: The Ballad of Hugo Sánchez,Spanish,TV-MA,6.6/10
CoComelon Lane,English,TV-PG,
Coach Snoop,English,TV-MA,6.8/10
Cobra Kai,English,TV-14,
Cobra Kai: Inside the Dojo,English,TV-14,
Cocaine Cowboys: The Kings of Miami,English,TV-MA,
Cocomelon,English,TV-Y,0
Code Lyoko,French,TV-Y7,
Cold Case Files,English,TV-MA,8.0/10
Cold Case: Who Killed JonBenét Ramsey,English,TV-MA,
Colin in Black & White,English,TV-14,
Collateral,English,TV-MA,6.7/10
College Hill: Celebrity Edition,English,TV-MA,
Comedians in Cars Getting Coffee,English,TV-14,8.1/10
Comedy Chaos,Indonesian,TV-14,
Comedy Premium League,Hindi,TV-MA,
Comedy Revenge,Korean,TV-MA,
Comedy Royale,Korean,TV-MA,
Coming Out Colton,English,TV-MA,
Community Squad,Spanish,TV-MA,
Connected: The Hidden Science of Everything,English,TV-14,
Control Z,Spanish,TV-MA,6.9/10
Conversations with a Killer: The Jeffrey Dahmer Tapes,English,TV-MA,
Conversations with a Killer: The John Wayne Gacy Tapes,English,TV-MA,
Conversations with a Killer: The Ted Bundy Tapes,English,TV-MA,7.8/10
Cook at all Costs,English,TV-G,
Cooked,English,TV-14,8.1/10
Cooked with Cannabis,English,TV-MA,
Cooking Up Murder: Uncovering the Story of César Román,Spanish,TV-MA,
Cooking With Paris,English,TV-MA,
Copenhagen Cowboy,Danish,TV-MA,
Copycat Killer,Mandarin,TV-MA,
"Coronavirus, Explained",English,TV-PG,7.4/10
Countdown: Inspiration4 Mission to Space,English,TV-14,
Countdown: Paul vs. Tyson,English,TV-MA,
Country Comfort,English,TV-PG,
Country Ever After,English,TV-PG,
Country Queen,English,TV-MA,
Cowboy Bebop,Japanese,TV-MA,
Cracow Monsters,Polish,TV-MA,
Crash Course in Romance,Korean,TV-14,
Crash Landing on You,Korean,TV-14,
Crashing,English,TV-MA,7.7/10
Crashing Eid,Arabic,TV-14,
Crazy Delicious,English,TV-PG,5.5/10
Crazyhead,English,TV-MA,7.3/10
Creator's File: GOLD,Japanese,TV-14,
Creature,Turkish,TV-MA,
Creeped Out,English,TV-PG,6.6/10
Crime Diaries: Night Out,Spanish,TV-MA,7.4/10
Crime Diaries: The Candidate,Spanish,TV-MA,7.6/10
Crime Scene Berlin: Nightlife Killer,German,TV-MA,
Crime Scene: The Texas Killing Fields,English,TV-MA,
Crime Scene: The Times Square Killer,English,TV-MA,
Crime Scene: The Vanishing at the Cecil Hotel,English,TV-MA,
Crime Stories: India Detectives,Kannada,TV-MA,
Criminal Code,Portuguese,TV-MA,
Criminal: France,French,TV-MA,7.2/10
Criminal: Germany,German,TV-MA,7.7/10
Criminal: Spain,Spanish,TV-MA,6.9/10
Criminal: UK,English,TV-MA,7.4/10
Crooks,German,TV-MA,
Cry Babies Magic Tears,English,TV-Y,
Culinary Class Wars,Korean,TV-MA,
Cunk On Earth,English,TV-MA,
Cupcake & Dino - General Services,English,TV-Y7,7.5/10
Curon,Italian,TV-MA,0
Cursed,English,TV-MA,
Cyberpunk: Edgerunners,English,TV-MA,
Cyborg 009: Call of Justice,Japanese,TV-14,6.6/10
D.B. Cooper: Where Are You?!,English,TV-14,
D.P.,Korean,TV-MA,
DAHMER,English,TV-MA,
DAN DA DAN,Japanese,TV-MA,
DC's Legends of Tomorrow,English,TV-14,6.8/10
DEATH NOTE,Japanese,TV-14,9.0/10
DEPP V HEARD,English,TV-MA,
DI4RIES,Italian,TV-PG,
DOTA: Dragon's Blood,English,TV-MA,
DRAGON PILOT: Hisone & Masotan,Japanese,TV-14,6.9/10
DRAGON QUEST The Adventure of Dai,Japanese,TV-PG,
DRIFTING DRAGONS,Japanese,TV-14,6.2/10
Dad Stop Embarrassing Me!,English,TV-PG,
Damnation,English,TV-MA,7.7/10
Dance & Sing with True,English,TV-Y,N/A/10
Dance 100,English,TV-MA,
Dance Brothers,Finnish,TV-MA,
Dance Monsters,English,TV-PG,
Dancing Queen,English,TV-14,6.9/10
Dancing for the Devil: The 7M TikTok Cult,English,TV-MA,
Danger Force,English,TV-Y7,
Danger Mouse,English,TV-Y7,7.1/10
Danger Mouse: Classic Collection,English,TV-Y,7.4/10
Daniel Sloss: Live Shows,English,TV-MA,8.5/10
Daniel Spellbound,English,TV-Y7,
Dare Me,English,TV-MA,
Dark,German,TV-MA,8.8/10
Dark Desire,Spanish,TV-MA,
Dark Tourist,English,TV-MA,7.5/10
Dark Winds,English,TV-MA,
Dash & Lily,English,TV-PG,
Dated and Related,English,TV-MA,
Dating Around,English,TV-MA,6.4/10
Dating Around: Brazil,Portuguese,TV-14,
Daughter From Another Mother,Spanish,TV-MA,
Daughters of Destiny,English,TV-14,8.5/10
Dave Chappelle,English,TV-MA,8.7/10
Dave Chappelle: Equanimity & The Bird Revelation,English,TV-MA,8.2/10
Dawn of the Croods,English,TV-G,6.0/10
Daybreak,English,TV-MA,6.7/10
DeMarcus Family Rules,English,TV-14,
Dead Boy Detectives,English,TV-MA,
Dead End,Polish,TV-MA,
Dead End: Paranormal Park,English,TV-Y7,
Dead to Me,English,TV-MA,8.1/10
Deadly Sins,Spanish,,
Deadwind,Finnish,TV-MA,7.2/10
Deaf U,English,TV-MA,
Dealer,French,TV-MA,
Dear Child,German,TV-MA,
Dear Sa-chan,Japanese,TV-14,
Dear White People,English,TV-MA,6.2/10
Dearest,Japanese,TV-14,
Death by Magic,English,TV-PG,6.1/10
Deceitful Love,Italian,TV-MA,
Decoupled,Hindi,TV-MA,
Dee & Friends in Oz,English,TV-Y,
Deep Fake Love,Spanish,TV-MA,
Deepa & Anoop,English,TV-Y,
Degrassi: Next Class,English,TV-14,7.0/10
Delete,Thai,TV-MA,
Delhi Crime,Hindi,TV-MA,8.5/10
Delicious in Dungeon,Japanese,TV-MA,
Deliver Me,Swedish,TV-MA,
Demon Slayer: Kimetsu no Yaiba,Japanese,TV-MA,
Den-noh Coil,Japanese,TV-Y7,
Derek,English,TV-MA,8.0/10
Derry Girls,English,TV-MA,8.4/10
Designated Survivor,English,TV-MA,7.5/10
Designated Survivor: 60 Days,Korean,TV-14,8.0/10
Designing Miami,English,TV-MA,
Desperate Lies,Portuguese,TV-MA,
Destined with You,Korean,TV-MA,
Destiny,Japanese,TV-14,
Detective Forst,Polish,TV-MA,
Detention,Mandarin,TV-MA,
Detroiters,English,TV-14,
Devil in Ohio,English,TV-MA,
Devilman Crybaby,Japanese,TV-MA,7.6/10
"Devotion, a Story of Love and Desire",Italian,TV-MA,
Dew Drop Diaries,English,TV-Y,
Dexter,English,TV-MA,8.6/10
Diablero,Spanish,TV-MA,6.6/10
Diagnosis,English,TV-14,7.8/10
Diana: 7 Days That Shook the World,English,TV-14,7.4/10
Diary of a Gigolo,Spanish,TV-MA,
Diary of a Prosecutor,Korean,TV-14,
Dig Deeper: The Disappearance of Birgit Meier,German,TV-MA,
Dinner Time Live With David Chang,English,TV-MA,
Dino Girl Gauko,English,TV-Y7,7.1/10
Dinosaur King,Japanese,TV-Y7,5.5/10
Dinosaur Playlist,English,TV-Y7,
Dinotrux,English,TV-Y7,7.0/10
Dirty Jobs,English,TV-14,
Dirty John,English,TV-14,7.1/10
Dirty Lines,Dutch,TV-MA,
Dirty Money,English,TV-MA,8.1/10
Dirty Pop: The Boy Band Scam,English,TV-14,
Disenchantment,English,TV-14,7.2/10
Disjointed,English,TV-MA,6.7/10
Dive Club,English,TV-G,
Divorce Attorney Shin,Korean,TV-MA,
Django,English,TV-MA,
Do Do Sol Sol La La Sol,Korean,TV-14,
Doctor Cha,Korean,TV-14,
Doctor Climax,Thai,TV-MA,
Doctor Slump,Korean,TV-14,
Documentary Now!,English,TV-14,8.1/10
Dogs,English,TV-PG,8.2/10
Dogs in Space,English,TV-Y7,
Dogs of Berlin,German,TV-MA,7.5/10
Dollar,Arabic,TV-MA,6.7/10
Dolly Parton's Heartstrings,English,TV-14,7.6/10
Don't Come Home,Thai,TV-MA,
Don't F**k with Cats: Hunting an Internet Killer,English,TV-MA,8.1/10
Don't Hate the Player,French,TV-MA,
Don't Pick Up the Phone (Pervert: Hunting the Strip Search Caller),English,TV-MA,
Doom at Your Service,Korean,TV-14,
Doona!,Korean,TV-MA,
Dope,English,TV-MA,6.9/10
Dorohedoro,Japanese,TV-MA,8.2/10
Down for Love,English,TV-14,
Down to Earth with Zac Efron,English,TV-PG,
Dr. Stone,Japanese,TV-14,
Dr. Storks,Japanese,TV-14,
Dracula,English,TV-14,6.8/10
Dragon Age: Absolution,English,TV-MA,
Dragon Sakura S2,Japanese,TV-14,
Dragon's Dogma,English,TV-MA,
Dragons: Race to the Edge,English,TV-Y7,8.3/10
Dragons: Rescue Riders,English,TV-Y,6.4/10
Drake & Josh,English,TV-Y7,
Dream Home Makeover,English,TV-G,
Drink Masters,English,TV-MA,
Drive Hard: The Maloof Way,English,TV-14,
Drug Lords,English,TV-MA,6.8/10
Drug Squad: Costa del Sol,Spanish,TV-MA,6.6/10
Dubai Bling,Arabic,TV-MA,
Dynasty,English,TV-MA,7.3/10
Dérè: An African Tale,English,TV-PG,
EDENS ZERO,Japanese,TV-14,
Earthstorm,English,TV-14,
Eastsiders,English,TV-MA,6.8/10
Easy,English,TV-MA,6.9/10
Easy-Bake Battle: The Home Cooking Competition,English,TV-PG,
Eat the Rich: The GameStop Saga,English,TV-MA,
Echoes,English,TV-MA,
Eden,Japanese,TV-Y7,
Edgar Rice Burroughs' Tarzan and Jane,English,TV-G,4.8/10
Edha,Spanish,TV-MA,4.7/10
El Cartel,Spanish,TV-MA,8.2/10
El Cartel 2,Spanish,TV-MA,6.8/10
El Chapo,Spanish,TV-MA,7.8/10
El Dragón: Return of a Warrior,Spanish,TV-MA,7.0/10
"El Rey, Vicente Fernández",Spanish,TV-MA,
El marginal,Spanish,TV-MA,8.2/10
Elite,Spanish,TV-MA,7.6/10
Elite Short Stories: Carla Samuel,Spanish,TV-MA,
Elite Short Stories: Guzmán Caye Rebe,Spanish,TV-MA,
Elite Short Stories: Nadia Guzmán,Spanish,TV-MA,
Elite Short Stories: Omar Ander Alexis,Spanish,TV-MA,
Elite Short Stories: Patrick,Spanish,TV-MA,
Elite Short Stories: Samuel Omar,Spanish,TV-MA,
Elize Matsunaga: Once Upon a Crime,Portuguese,TV-MA,
Ellen DeGeneres: Relatable,English,TV-MA,6.5/10
Elves,Danish,TV-14,
Emergency: NYC,English,TV-MA,
Emily in Paris,English,TV-MA,
Emily's Wonder Lab,English,TV-G,
Empire Games,English,TV-14,5.6/10
Encounters,English,TV-14,
End of the Line,English,TV-14,
Endless Night,French,TV-MA,
Entrapped,Icelandic,TV-14,
Envious,Spanish,TV-MA,
Equinox,English,TV-MA,
Erased,Japanese,TV-14,7.9/10
Eric,English,TV-MA,
Erin & Aaron,English,TV-G,
Escalona,Spanish,TV-MA,
Escape at Dannemora,English,TV-MA,
Escaping Twin Flames,English,TV-MA,
Eternal Love,Mandarin,TV-14,7.6/10
Eternally Confused and Eager for Love,English,TV-MA,
Ethos,Turkish,TV-MA,
Europa Report,,TV-PG,6.2/10
Eva Lasting,Spanish,TV-MA,
Eve,Korean,TV-MA,
Ever After High,English,TV-Y7,8.0/10
Everyone Loves Me,Mandarin,TV-PG,
Everything Calls for Salvation,Italian,TV-MA,
Everything Now,English,TV-MA,
Everything Sucks!,English,TV-14,7.5/10
Everything Will Be Fine,English,TV-MA,
Evil Genius: the True Story of America's Most Diabolical Bank Heist,English,TV-MA,7.6/10
Ex-Addicts Club,Indonesian,TV-14,
Examination of Conscience,Spanish,TV-MA,8.0/10
Exhibit A,English,TV-MA,6.2/10
Explained,English,TV-MA,8.0/10
Exploding Kittens,English,TV-14,
Exposed: The Ghost Train Fire,English,TV-MA,
Extracurricular,Korean,TV-MA,7.5/10
Extraordinary Attorney Woo,Korean,TV-14,
Extreme Engagement,English,TV-MA,5.5/10
Extreme Makeover: Home Edition,English,TV-PG,
Extremely Inappropriate!,Japanese,TV-MA,
Eye Love You,Japanese,TV-14,
F is for Family,English,TV-MA,8.0/10
FIFA Uncovered,English,TV-14,
FIGHTWORLD,English,TV-MA,7.7/10
FINAL FANTASY XIV Dad of Light,Japanese,TV-PG,7.2/10
FUBAR,English,TV-MA,
Fabulous Lives of Bollywood Wives,Hindi,TV-MA,
Face Off,English,TV-PG,
Fake Profile,Spanish,TV-MA,
Fakes,English,TV-MA,
Falling Into Your Smile,Chinese,TV-14,
Falsa identidad,Spanish,TV-MA,7.5/10
Familiar Wife,Korean,TV-MA,
Family Business,French,TV-MA,7.2/10
Family Reunion,English,TV-PG,6.3/10
Family Secrets,Polish,TV-MA,
Fanático,Spanish,TV-MA,
Far From Home,English,TV-MA,
Fary: Hexagone,French,TV-MA,6.3/10
Farzar,English,TV-MA,
Fast & Furious Spy Racers,English,TV-Y7,5.3/10
Fastest Car,English,TV-MA,7.2/10
Fatal Seduction,English,TV-MA,
Fate/Apocrypha,Japanese,TV-MA,6.5/10
Fate/EXTRA Last Encore,Japanese,TV-MA,5.3/10
Fate: The Winx Saga,English,TV-MA,
Faten Amal Harby,Arabic,TV-MA,
Fatma,Turkish,TV-MA,
Fauda,Hebrew,TV-MA,8.3/10
Fear City: New York vs The Mafia,English,TV-MA,
Fear the Walking Dead,English,TV-MA,
Fearless,English,TV-14,7.1/10
Feedback,Polish,TV-MA,
Feel Good,English,TV-MA,7.5/10
Feels Like Ishq,Hindi,TV-MA,
Felipe Esparza: Bad Decisions,English,TV-MA,
Felipe Neto: My Life Makes No Sense,Portuguese,TV-MA,4.5/10
Feria: The Darkest Light,Spanish,TV-MA,
Fermat's Cuisine,Japanese,TV-14,
Ferry: The Series,Dutch,TV-MA,
Fiasco,French,TV-MA,
Fifty,English,TV-MA,5.9/10
Fight for Paradise: Who Can You Trust?,German,TV-MA,
Files of the Unexplained,English,TV-14,
Find Me in Paris,English,TV-PG,
Find Yourself,Korean,TV-14,
Finding Ola,Arabic,TV-14,
Fire Chasers,English,TV-MA,6.6/10
Fire Country,English,TV-14,
Firefly Lane,English,TV-MA,
Fireman Sam,English,TV-Y,
First Class,Spanish,TV-MA,
First Kill,English,TV-MA,
First Love,Japanese,TV-MA,
First Team: Juventus,Italian,TV-PG,7.4/10
First Wives Club,English,TV-14,
First and Last,English,TV-MA,6.8/10
Fishbowl Wives,Japanese,TV-MA,
Fisk,English,TV-MA,
Five Came Back,English,TV-MA,8.3/10
Five Came Back: The Reference Films,English,TV-MA,
Five Star Chef,English,TV-14,
Flaked,English,TV-MA,7.2/10
Flavorful Origins,Mandarin,TV-G,7.6/10
Flinch,English,TV-PG,4.0/10
Flint Town,English,TV-MA,8.0/10
Flipping Out,English,TV-14,
Floor Is Lava,English,TV-PG,
Flower Crew: Joseon Marriage Agency,Korean,TV-14,
Follow This,English,TV-MA,4.8/10
Followers,Japanese,TV-MA,6.2/10
Fool Me Once,English,TV-MA,
Forecasting Love and Weather,Korean,TV-14,
Forest of Piano,Japanese,TV-14,7.0/10
Forever Queens,Spanish,TV-MA,
Forged in Fire,English,TV-PG,
Formula 1: Drive to Survive,English,TV-MA,8.6/10
Framed! A Sicilian Murder Mystery,Italian,TV-MA,
Frank Elstner: Just One Last Question,German,TV-MA,0
Frankly Speaking,English,TV-14,
Fred Armisen: Standup For Drummers,English,TV-PG,5.8/10
Free Rein,English,TV-G,7.3/10
Freeridge,English,TV-14,
"Fresh, Fried & Crispy",English,TV-PG,
Freud,German,TV-MA,6.6/10
Friday Night Lights,English,PG-13,
Friends from College,English,TV-MA,6.8/10
From Me to You: Kimi ni Todoke,Japanese,TV-PG,
From Scratch,English,TV-MA,
Frontier,English,TV-MA,7.2/10
Fugitiva,Spanish,TV-MA,5.6/10
Full Swing,English,TV-MA,
Fuller House,English,TV-PG,6.8/10
Furies,French,TV-MA,
Futmalls.com,Mandarin,TV-14,
GAME ON: A Comedy Crossover Event,English,TV-G,
GG Precinct,Mandarin,TV-MA,
GHOUL,Hindi,TV-MA,7.1/10
GLOW,English,TV-MA,8.0/10
GODZILLA Planet of the Monsters,Japanese,TV-14,6.0/10
GOOD NIGHT WORLD,Japanese,TV-MA,
GTO: Great Teacher Onizuka,Japanese,TV-MA,
Gabby's Dollhouse,English,TV-Y,
Gameboys Level-Up Edition,Filipino,TV-14,
Ganglands,French,TV-MA,
Gangs of Galicia,Spanish,TV-MA,
Gangs of London,English,TV-MA,
Gangs of Oslo,Norwegian,TV-MA,
Garouden: The Way of the Lone Wolf,English,TV-MA,
Gecko's Garage,English,TV-Y,
Geek Girl,English,TV-PG,
Generation 56k,Italian,TV-MA,
Gentefied,English,TV-MA,7.3/10
Get Even,English,TV-PG,
Get Gotti,English,TV-MA,
Get Organized with The Home Edit,English,TV-PG,
Getting Curious with Jonathan Van Ness,English,TV-MA,
Ghost Doctor,Korean,TV-14,
Ghost Hunters,English,TV-PG,
Ghost in the Shell: SAC_2045,Japanese,TV-14,
Gigantosaurus,English,TV-Y,
Gilmore Girls,English,TV-14,8.1/10
Gilmore Girls: A Year in the Life,English,TV-14,7.7/10
Ginny & Georgia,English,TV-14,
Giri / Haji,English,TV-MA,7.9/10
Girl from Nowhere,Thai,TV-MA,7.6/10
Girlboss,English,TV-MA,7.0/10
Girlfriends,English,TV-PG,
Girls Incarcerated,English,TV-MA,7.3/10
Girls5eva,English,TV-MA,
Glamorous,English,TV-14,
Glitch,English,TV-MA,7.4/10
Glitch Techs,English,TV-G,7.9/10
Glitter,Polish,TV-MA,
Glow Up,English,TV-14,6.4/10
Glória,Portuguese,TV-MA,
"Go Ahead, Brother",Polish,TV-MA,
Go! Go! Cory Carson,English,TV-Y,8.3/10
Go! Live Your Way,Spanish,TV-PG,6.9/10
God Troubles Me,Mandarin,TV-PG,
God's Favorite Idiot,English,TV-MA,
Godless,English,TV-MA,8.3/10
Godzilla Singular Point,Japanese,TV-14,
Goedam,Korean,TV-MA,
Gold Rush,English,TV-14,
Gone for Good,French,TV-MA,
Good Girls,English,TV-MA,7.9/10
Good Luck!!,Japanese,TV-PG,
Good Morning Call,Korean,TV-14,7.8/10
"Good Morning, Verônica",Portuguese,TV-MA,
Good Times,English,TV-MA,
Goosebumps,English,TV-G,7.7/10
Gossip Girl,English,TV-14,7.4/10
Grace and Frankie,English,TV-MA,8.3/10
Graceful Friends,Korean,TV-14,
Grand Army,English,TV-MA,
Great Pretender,Japanese,TV-MA,
Greatest Events of WWII in Colour,English,TV-14,8.7/10
Green Door,Mandarin,TV-MA,6.1/10
Green Eggs and Ham,English,TV-G,8.2/10
Green Frontier,Spanish,TV-MA,7.4/10
Green Mothers' Club,Korean,TV-MA,
Greenhouse Academy,English,TV-PG,7.0/10
Greenleaf,English,TV-14,7.3/10
Grey's Anatomy,English,TV-14,6.3/10
Grizzy and the Lemmings,French,TV-G,6.7/10
Gudetama: An Eggcellent Adventure,Japanese,TV-G,
Guillermo del Toro's Cabinet of Curiosities,English,TV-MA,
Gundam: Requiem for Vengeance,English,TV-MA,
Guns & Gulaabs,Hindi,TV-MA,
Gunther's Millions,English,TV-MA,
Gurren Lagann,Japanese,TV-14,8.3/10
Gyeongseong Creature,Korean,TV-MA,
Gymnastics Academy: A Second Chance,English,TV-PG,
Gypsy,English,TV-MA,6.9/10
H,French,TV-MA,
H2O: Just Add Water,English,TV-PG,7.2/10
H2O: Mermaid Adventures,English,TV-Y7,6.0/10
HERO MASK,Japanese,TV-14,6.2/10
Hache,Spanish,TV-MA,6.3/10
Hack My Home,English,TV-G,
Haikyu!!,Japanese,TV-14,8.7/10
Hajime no Ippo: The Fighting!,Japanese,TV-MA,
Half & Half,English,TV-14,
Halston,English,TV-MA,
Handsome Siblings,Mandarin,TV-14,8.2/10
Hans Teeuwen: Real Rancour,English,TV-MA,6.5/10
Hanwoo Rhapsody,Korean,TV-PG,
Happy Jail,English,TV-MA,6.9/10
Happy!,English,TV-MA,8.2/10
Hard Broken,Arabic,TV-MA,
Hard Cell,English,TV-MA,
Hardy Bucks,English,TV-MA,8.3/10
Harry & Meghan,English,TV-MA,
Harvey Girls Forever!,English,TV-Y7,6.1/10
Hashoter Hatov,Hebrew,TV-MA,7.5/10
Hasmukh,Hindi,TV-MA,5.3/10
Haters Back Off,English,TV-PG,6.0/10
Hatfields & McCoys,,PG-13,7.3/10
Haunted,English,TV-MA,4.5/10
Haunted: Latin America,Spanish,TV-14,
"Have You Ever Fallen in Love, Miss Jiang?",Mandarin,TV-14,
He's Expecting,Japanese,TV-PG,
He-Man and the Masters of the Universe,English,TV-Y7,
Headspace Guide to Meditation,English,TV-G,
Headspace Guide to Sleep,English,TV-G,
Heart of Invictus,English,TV-MA,
Heartbreak High,English,TV-MA,
Heartland,English,TV-14,8.4/10
Heartstopper,English,TV-14,
Heaven and Hell: Soul Exchange,Japanese,TV-14,
Heavenly Bites: Mexico,Spanish,TV-14,
Heels,English,TV-MA,
Heeramandi: The Diamond Bazaar,Hindi,TV-MA,
Heirs to the Land,Spanish,TV-MA,
Heist,English,TV-MA,
Hell's Paradise: Jigokuraku,Japanese,TV-MA,
Hellbound,Korean,TV-MA,
Hello Ninja,English,TV-Y,7.5/10
"Hello, Me!",Korean,TV-14,
"Hello, My Twenties!",Korean,TV-MA,8.3/10
Henry Danger,English,TV-G,
Her Mother's Killer,Spanish,TV-MA,
Her Private Life,Korean,TV-14,
Here to Heart,Mandarin,TV-14,8.0/10
"Hi Bye, Mama!",Korean,TV-14,8.1/10
Hi Score Girl,Japanese,TV-14,8.1/10
Hibana: Spark,Japanese,TV-MA,8.1/10
Hierarchy,Korean,TV-MA,
High Heat,Spanish,TV-MA,
High Score,English,TV-14,
High Seas,Spanish,TV-MA,6.8/10
High Tides,Dutch,TV-MA,
High Water,Polish,TV-MA,
High on the Hog: How African American Cuisine Transformed America,English,TV-14,
High-Rise Invasion,Japanese,TV-MA,
High: Confessions of an Ibiza Drug Mule,English,TV-MA,
Highland: Thailand's Marijuana Awakening,English,TV-MA,6.2/10
Hilda,English,TV-Y7,8.6/10
Hip-Hop Evolution,English,TV-MA,8.4/10
Historical Roasts,English,TV-MA,5.3/10
History 101,English,TV-PG,0
History of Swear Words,English,TV-MA,6.4
Hit & Run,English,TV-MA,
Hitler and the Nazis: Evil on Trial,English,TV-MA,
Hoarders,English,TV-PG,
Hold Tight,Polish,TV-MA,
Holey Moley,English,TV-PG,
Holiday Home Makeover with Mr. Christmas,English,TV-G,
Holiday Playlist,,TV-Y7,
Holiday Secrets,German,TV-MA,6.4/10
Hollywood,English,TV-MA,
Holy Family,Spanish,TV-MA,
Home Game,English,TV-MA,
Home for Christmas,Norwegian,TV-MA,7.6/10
Hometown,Korean,TV-MA,
Hometown Cha-Cha-Cha,Korean,TV-14,
Homicide,English,TV-MA,
Hook,Thai,TV-MA,
Hoops,English,TV-MA,
Hospital Playlist,Korean,TV-MA,7.9/10
Hot Girls Wanted: Turned On,English,TV-MA,6.7/10
Hot Skull,Turkish,,
Hot Wheels Let's Race,English,TV-Y,
Hotel Del Luna,Korean,TV-14,
House of Anubis,English,TV-G,
House of Cards,English,TV-MA,8.7/10
House of Secrets: The Burari Deaths,Hindi,TV-MA,
How I Met Your Mother,English,TV-14,
How To Build a Sex Room,English,TV-MA,
How To Ruin Christmas,English,TV-MA,
How to Be a Cowboy,English,TV-PG,
How to Become a Cult Leader,English,TV-MA,
How to Become a Mob Boss,English,TV-MA,
How to Become a Tyrant,English,TV-MA,
How to Change Your Mind,English,TV-MA,
How to Fix a Drug Scandal,English,TV-MA,6.9/10
How to Get Rich,English,TV-14,
How to Sell Drugs Online (Fast),German,TV-MA,
Huge in France,French,TV-MA,6.8/10
Human Resources,English,TV-MA,
Human: The World Within,English,TV-PG,
Hunter X Hunter (2011),Japanese,TV-MA,8.9/10
Hurts Like Hell,Thai,TV-MA,
Hyena,Korean,TV-MA,8.0/10
Hype House,English,TV-14,
Hyperdrive,English,TV-PG,8.1/10
I AM A KILLER,English,TV-MA,7.5/10
I AM A KILLER: RELEASED,English,TV-MA,
I AM A STALKER,English,TV-MA,
I Am Georgina,Spanish,TV-14,
I Am Not Okay With This,English,TV-MA,7.6/10
I Cannot Reach You,Japanese,TV-PG,
I Hate Christmas,Italian,TV-MA,
I Heart Arlo,English,TV-Y7,
I Just Killed My Dad,English,TV-MA,
I Need Romance,Korean,TV-14,
I Think You Should Leave with Tim Robinson,English,TV-MA,7.6/10
I Will Be Your Bloom,Japanese,TV-PG,
I Woke Up A Vampire,English,TV-Y7,
I'm Brent Morin,English,TV-MA,6.5/10
I'm with the Band: Nasty Cherry,English,TV-MA,6.4/10
IC 814: The Kandahar Hijack,Hindi,TV-MA,
ID-0,Japanese,TV-PG,6.0/10
IRL - In Real Love,English,TV-MA,
ISHIKO and HANEO: You're Suing Me?,Japanese,TV-14,
Ideias à Venda,Portuguese,TV-PG,
If I Hadn't Met You,Catalan,TV-MA,7.7/10
If I Were Luísa Sonza,Portuguese,TV-MA,
If My Wife Becomes an Elementary School Student.,Japanese,TV-PG,
If Only,Spanish,TV-MA,
Ihsan from the Future,Arabic,TV-PG,
Ikebukuro West Gate Park,Japanese,,
Iliza Shlesinger: Freezing Hot,English,TV-MA,6.9/10
Immigration Nation,English,TV-MA,
Immortals,Turkish,TV-MA,5.5/10
In From the Cold,English,TV-MA,
In Love All Over Again,Spanish,TV-MA,
In the Dark,English,TV-14,
In the Name of God: A Holy Betrayal,Korean,TV-MA,
Indian Matchmaking,English,TV-14,6.2/10
Indian Predator: Murder in a Courtroom,Marathi,TV-MA,
Indian Predator: The Butcher of Delhi,Hindi,TV-MA,
Indian Predator: The Diary of a Serial Killer,Hindi,TV-MA,
Infamy,Polish,TV-MA,
Informa,Japanese,TV-MA,
Ingobernable,Spanish,TV-MA,7.2/10
Ingress: The Animation,English,TV-MA,6.5/10
Inheritors,Korean,TV-14,7.5/10
Inhuman Resources,French,TV-MA,6.7/10
Innocent,Turkish,TV-MA,8.5/10
Insatiable,English,TV-MA,6.6/10
Insecure,English,TV-MA,
Inside Bill's Brain: Decoding Bill Gates,English,TV-14,8.0/10
Inside Job,English,TV-MA,
Inside Man,English,TV-MA,
Inside the Criminal Mind,English,TV-MA,5.4/10
Inside the World's Toughest Prisons,English,TV-MA,
Insiders,Spanish,TV-MA,
Inspector Gadget,English,TV-Y7,4.3/10
Inspector Koo,Korean,TV-MA,
Instant Dream Home,English,TV-G,
Interior Design Masters,English,TV-PG,6.7/10
Intersection,Turkish,TV-MA,6.5/10
Intervention,English,TV-14,
Interview with the Vampire,English,TV-MA,
Intimacy,Spanish,TV-MA,
Into the Badlands,English,TV-MA,8.0/10
Into the Fire: The Lost Daughter,English,TV-MA,
Into the Night,French,TV-MA,
InuYasha,Japanese,TV-14,7.9/10
Inuyasha: The Final Act,English,TV-14,
Inventing Anna,English,TV-MA,
Investigation Alien,English,TV-14,
Invisible,Japanese,TV-14,
Invisible City,Portuguese,TV-MA,
Invisible Us,Japanese,TV-MA,
Iron Chef Brazil,Portuguese,TV-MA,
Iron Chef: Mexico,Spanish,TV-MA,
Iron Chef: Quest for an Iron Legend,English,TV-G,
Iron Reign,Spanish,TV-MA,
Is It Cake?,English,TV-PG,
Is It Cake? Holiday,English,TV-PG,
Is She the Wolf?,Japanese,TV-PG,
Island of the Sea Wolves,English,TV-PG,
It's Bruno!,English,TV-MA,7.5/10
It's OK,Arabic,TV-PG,
It's Okay to Not Be Okay,Korean,TV-14,
Itaewon Class,Korean,TV-MA,8.3/10
Itxaso and the Sea,Basque,TV-MA,
Izzy's Koala World,English,TV-Y,
J-Style Trip,Mandarin,TV-14,5.2/10
JAPAN SINKS: People of Hope,Japanese,TV-PG,
JU-ON: Origins,Japanese,TV-MA,
Jack Whitehall: Fatherhood with My Father,English,TV-MA,
Jack Whitehall: Travels with My Father,English,TV-MA,7.7/10
Jaguar,Spanish,TV-MA,
Jailbirds,English,TV-MA,7.2/10
Jailbirds New Orleans,English,TV-MA,
James Acaster: Repertoire,English,TV-14,8.4/10
Jamtara - Sabka Number Ayega,Hindi,TV-MA,7.4/10
Japan Sinks: 2020,Japanese,TV-MA,
Jeffrey Epstein: Filthy Rich,English,TV-MA,7.2/10
Jentry Chau vs the Underworld,English,TV-Y7,
Jewish Matchmaking,English,TV-14,
Jim Gaffigan: Beyond the Pale,English,TV-14,8.0/10
Jim Gaffigan: Mr. Universe,English,TV-14,7.8/10
Jim Jefferies : BARE,English,TV-MA,8.1/10
Jimmy Savile: A British Horror Story,English,TV-MA,
Jimmy: The True Story of a True Idiot,Japanese,TV-MA,6.4/10
Jin,Japanese,TV-MA,
Jinn,English,TV-MA,3.5/10
Jiva!,English,TV-MA,
Jjajangmyeon Rhapsody,Korean,TV-PG,
Jo Koy: Live from Seattle,English,TV-MA,7.1/10
JoJo's Bizarre Adventure,Japanese,TV-MA,8.4/10
John of God: The Crimes of a Spiritual Healer,Portuguese,TV-MA,
Johnny Hallyday: Beyond Rock,French,TV-14,
Johnny Test,English,TV-Y7,
Joko Anwar's Nightmares and Daydreams,Indonesian,TV-MA,
Journey of an African Colony,English,TV-MA,
Juanpis González - The Series,Spanish,TV-MA,
Judge Dee's Mystery,Chinese,TV-MA,
Jujutsu Kaisen,Japanese,TV-MA,
Julie and the Phantoms,English,TV-G,
Julie's Greenroom,English,TV-Y,8.3/10
Jump like a Witch,Korean,TV-PG,
Junior Baking Show,English,TV-G,
Junji Ito Maniac: Japanese Tales of the Macabre,Japanese,TV-MA,
Jupiter's Legacy,English,TV-MA,
Jurassic World Camp Cretaceous,English,TV-PG,
Jurassic World: Chaos Theory,English,TV-PG,
Justice League,English,TV-PG,
Justice League Unlimited,English,TV-Y7-FV,
Justice Served,English,TV-MA,
Justin Time,English,TV-Y,6.6/10
Justin Time GO!,English,TV-Y,
Juvenile Justice,Korean,TV-MA,
K-On!,Japanese,TV-PG,7.6/10
KAKEGURUI TWIN,Japanese,TV-14,
KAOS,English,TV-MA,
KENGAN ASHURA,English,TV-MA,8.0/10
KLASS 95: The Power of Beauty,Spanish,TV-MA,
Kabaneri of the Iron Fortress: The Battle of Unato,Japanese,TV-MA,
Kakegurui,Japanese,TV-MA,7.2/10
Kaleidoscope,English,TV-MA,
Kantaro: The Sweet Tooth Salaryman,Japanese,TV-PG,7.6/10
Karate Sheep,English,TV-Y7,
Karma's World,English,TV-PG,
Karma's World Music Videos,English,TV-Y,
Kath & Kim: 20th Anniversary Specials,English,TV-14,
Katla,Icelandic,TV-MA,
Kaulitz & Kaulitz,German,TV-MA,
Kayko and Kokosh,Polish,TV-PG,
Kazoops!,English,TV-Y,6.9/10
Keep Breathing,English,TV-MA,
Keep Sweet: Pray and Obey,English,TV-MA,
Keeping Love Alive,English,TV-14,
Kevin Can F**k Himself,English,TV-MA,
Kevin Hart: Don’t F**k This Up,English,TV-MA,6.4/10
Khakee: The Bihar Chapter,Hindi,TV-14,
Kibaoh Klashers,English,TV-Y7,5.9/10
Kid Cosmic,English,TV-Y7,
Kid-E-Cats,English,TV-Y,
Kill Me Love Me,Mandarin,TV-14,
Killer Inside: The Mind of Aaron Hernandez,English,TV-MA,7.4/10
Killer Ratings,Portuguese,TV-MA,7.8/10
Killer Sally,English,TV-MA,
Killing Eve,English,TV-14,
Kim's Convenience,English,TV-MA,8.1/10
King of Boys: The Return of the King,English,TV-MA,
King of Collectibles: The Goldin Touch,English,TV-14,
King of Stonks,German,TV-MA,
King the Land,Korean,,
Kingdom,Korean,TV-MA,8.4/10
Kings of Jo'Burg,English,TV-MA,
King’s War,Mandarin,TV-14,
Kinnikuman Perfect Origin Arc,Japanese,TV-14,
Kipo and the Age of Wonderbeasts,English,TV-Y7,8.3/10
Kiss Me First,English,TV-MA,6.3/10
Kissing Game,Portuguese,TV-MA,
Kitti Katz,English,TV-Y7,
Kitz,German,TV-MA,
Kleo,German,TV-MA,
Kohrra,Hindi,TV-MA,
Komi Can't Communicate,Japanese,TV-G,
Kong: King of the Apes,English,TV-Y7,5.8/10
Kong: King of the Apes - Battles,English,TV-Y7,
KonoSuba: God's Blessing on This Wonderful World,Japanese,TV-14,
Korea No.1,Korean,TV-PG,
Korean Cold Noodle Rhapsody,Korean,TV-PG,
Korean Fried Chicken Rhapsody,Korean,TV-PG,
Korean Pork Belly Rhapsody,Korean,TV-G,
Kota Factory,Hindi,TV-MA,
iCarly,English,TV-G,
jeen-yuhs: A Kanye Trilogy,English,,
Ángel Di María: Breaking Down the Wall,Spanish,TV-14,
